울산,1764
그램,468
네일,399
스타,387
예약,369
시,276
공업,258
탑,258
카페,252
문의,222
일상,219
사진,195
맛집,189
취소,189
오늘,186
유무,186
손발톱,183
카톡,171
젤,168
시술,162
여행,159
입양,159
관리,156
이벤트,153
집,150
맞팔,147
토퍼,147
쭈,144
여름,141
휴가,138
당일,135
할인,132
예약금,129
발,126
문제,126
아트,120
케어,120
불가,117
운동,114
중,114
가능,111
비누,111
속눈썹,105
달,105
아기,105
주말,105
전화,102
모든,102
톤,102
주문,99
소통,99
계곡,96
더,93
반,93
날,90
풍선,90
손발,90
데,87
사랑,87
신정동,87
무좀,87
일리,81
육아,81
날짜,81
성별,81
제거,81
부산,78
바다,78
고양이,78
작성,78
발톱,78
검색,78
주의,78
엄마,75
답변,75
내,75
꽃,75
손,75
날씨,72
길,72
현금,72
곳,72
하루,72
떡집,72
케이크,69
맘,69
약시,69
반영구,66
시작,66
고기,66
살,66
끝,66
복용,66
회원,66
물놀이,63
산,63
매장,63
선팔,63
딸,63
구조,63
캣,63
약,63
발바닥,63
환불,63
배,60
아빠,60
전체,60
기업은행,60
친구,60
음식,60
차감,60
각시,60
자동,60
선물,57
코로나,57
인스타,57
혈압,57
당뇨,57
정면,57
전송,57
소희,57
사항,57
적립금,57
카카오,57
용돈,57
머리,54
추천,54
울,54
해,54
클래스,54
가족,54
구내염,54
전문점,54
다이어트,54
한우,54
캔들,54
사람,51
필수,51
직접,51
처음,51
완료,51
폭염,51
벌룬,51
펌,48
추가,48
플라워,48
해수욕장,48
대구,48
화장품,48
각질,48
디자인,48
못,45
아들,45
제작,45
북구,45
셀,45
밤,45
데이트,45
키즈,45
개월,45
개,45
셀카,45
퍼,45
눈썹,42
왁싱,42
최고,42
힐링,42
진짜,42
떡,42
차,42
맥주,42
아침,42
연장,42
박스,42
저녁,42
파양,42
세트,42
색상,42
천연,42
지역,39
방문,39
송료,39
준비,39
럽,39
말,39
요즘,39
돈,39
점,39
여자,39
얼굴,39
이제,39
성남동,39
달동,39
팔로우,39
맛,39
이동,39
방,39
젤페디,39
세엣,39
무제한,39
인증,39
페디,39
내성발톱,39
옷,39
후기,36
고객,36
재,36
생일,36
스포츠,36
한번,36
동구,36
애기,36
미용실,36
남자,36
한국,36
삼산동,36
행복,36
기록,36
첫,36
농구,36
묘,36
제외,36
모바일,36
채널,36
사마귀,36
술,36
항상,33
리그,33
인생,33
배송,33
볶음,33
구이,33
병원,33
파티,33
커피,33
피부,33
하늘,33
가방,33
취미,33
캠핑,33
생활,33
주,33
치킨,33
프로필,33
더위,33
중구,33
베이비,33
전국,33
이유,33
길냥이,33
비,33
티눈,33
감사,30
가격,30
유니폼,30
원,30
포함,30
오픈,30
기념일,30
구매,30
연락,30
눈,30
바,30
마스크,30
셀피,30
진행,30
산책,30
생각,30
꼭,30
번,30
지금,30
접종,30
방사,30
성격,30
쉬,30
밀양,30
화장,30
브라질,30
리언,30
손톱,30
반사,30
프라다,30
멍,30
얼,30
산토,30
협회,30
보험,30
물,27
애,27
몸,27
마지막,27
가을,27
위해,27
언니,27
상담,27
증정,27
전,27
위,27
휴무,27
고민,27
