울산,588
그램,156
네일,133
스타,129
예약,123
시,92
공업,86
탑,86
카페,84
문의,74
일상,73
사진,65
맛집,63
취소,63
오늘,62
유무,62
손발톱,61
카톡,57
젤,56
시술,54
여행,53
입양,53
관리,52
이벤트,51
집,50
맞팔,49
토퍼,49
쭈,48
여름,47
휴가,46
당일,45
할인,44
예약금,43
발,42
문제,42
아트,40
케어,40
불가,39
운동,38
중,38
가능,37
비누,37
속눈썹,35
달,35
아기,35
주말,35
전화,34
모든,34
톤,34
주문,33
소통,33
계곡,32
더,31
반,31
날,30
풍선,30
손발,30
데,29
사랑,29
신정동,29
무좀,29
일리,27
육아,27
날짜,27
성별,27
제거,27
부산,26
바다,26
고양이,26
작성,26
발톱,26
검색,26
주의,26
엄마,25
답변,25
내,25
꽃,25
손,25
날씨,24
길,24
현금,24
곳,24
하루,24
떡집,24
케이크,23
맘,23
약시,23
반영구,22
시작,22
고기,22
살,22
끝,22
복용,22
회원,22
물놀이,21
산,21
매장,21
선팔,21
딸,21
구조,21
캣,21
약,21
발바닥,21
환불,21
배,20
아빠,20
전체,20
기업은행,20
친구,20
음식,20
차감,20
각시,20
자동,20
선물,19
코로나,19
인스타,19
혈압,19
당뇨,19
정면,19
전송,19
소희,19
사항,19
적립금,19
카카오,19
용돈,19
머리,18
추천,18
울,18
해,18
클래스,18
가족,18
구내염,18
전문점,18
다이어트,18
한우,18
캔들,18
사람,17
필수,17
직접,17
처음,17
완료,17
폭염,17
벌룬,17
펌,16
추가,16
플라워,16
해수욕장,16
대구,16
화장품,16
각질,16
디자인,16
못,15
아들,15
제작,15
북구,15
셀,15
밤,15
데이트,15
키즈,15
개월,15
개,15
셀카,15
퍼,15
눈썹,14
왁싱,14
최고,14
힐링,14
진짜,14
떡,14
차,14
맥주,14
아침,14
연장,14
박스,14
저녁,14
파양,14
세트,14
색상,14
천연,14
지역,13
방문,13
송료,13
준비,13
럽,13
말,13
요즘,13
돈,13
점,13
여자,13
얼굴,13
이제,13
성남동,13
달동,13
팔로우,13
맛,13
이동,13
방,13
젤페디,13
세엣,13
무제한,13
인증,13
페디,13
내성발톱,13
옷,13
후기,12
고객,12
재,12
생일,12
스포츠,12
한번,12
동구,12
애기,12
미용실,12
남자,12
한국,12
삼산동,12
행복,12
기록,12
첫,12
농구,12
묘,12
제외,12
모바일,12
채널,12
사마귀,12
술,12
항상,11
리그,11
인생,11
배송,11
볶음,11
구이,11
병원,11
파티,11
커피,11
피부,11
하늘,11
가방,11
취미,11
캠핑,11
생활,11
주,11
치킨,11
프로필,11
더위,11
중구,11
베이비,11
전국,11
이유,11
길냥이,11
비,11
티눈,11
감사,10
가격,10
유니폼,10
원,10
포함,10
오픈,10
기념일,10
구매,10
연락,10
눈,10
바,10
마스크,10
셀피,10
진행,10
산책,10
생각,10
꼭,10
번,10
지금,10
접종,10
방사,10
성격,10
쉬,10
밀양,10
화장,10
브라질,10
리언,10
손톱,10
반사,10
프라다,10
멍,10
얼,10
산토,10
협회,10
보험,10
물,9
애,9
몸,9
마지막,9
가을,9
위해,9
언니,9
상담,9
증정,9
전,9
위,9
휴무,9
고민,9
